channel,url,utm_source,utm_medium,utm_campaign,tagged_url
Homepage,https://sanjaycheekati.dev,direct,none,none,https://sanjaycheekati.dev
GitHub Profile,https://sanjaycheekati.dev,github,profile,backlink_task5,https://sanjaycheekati.dev?utm_source=github&utm_medium=profile&utm_campaign=backlink_task5
LinkedIn Profile,https://sanjaycheekati.dev,linkedin,profile,backlink_task5,https://sanjaycheekati.dev?utm_source=linkedin&utm_medium=profile&utm_campaign=backlink_task5
PureText README,https://sanjaycheekati.dev/#projects,github,repo_readme,backlink_task5,https://sanjaycheekati.dev/#projects?utm_source=github&utm_medium=repo_readme&utm_campaign=backlink_task5
BERT README,https://sanjaycheekati.dev/#projects,github,repo_readme,backlink_task5,https://sanjaycheekati.dev/#projects?utm_source=github&utm_medium=repo_readme&utm_campaign=backlink_task5
Genetic Algorithm README,https://sanjaycheekati.dev/#projects,github,repo_readme,backlink_task5,https://sanjaycheekati.dev/#projects?utm_source=github&utm_medium=repo_readme&utm_campaign=backlink_task5
Portfolio README,https://sanjaycheekati.dev,github,repo_readme,backlink_task5,https://sanjaycheekati.dev?utm_source=github&utm_medium=repo_readme&utm_campaign=backlink_task5
Hashnode PureText,https://sanjaycheekati.dev/#projects,hashnode,blog_post,backlink_task5,https://sanjaycheekati.dev/#projects?utm_source=hashnode&utm_medium=blog_post&utm_campaign=backlink_task5
Hashnode BERT,https://sanjaycheekati.dev/#projects,hashnode,blog_post,backlink_task5,https://sanjaycheekati.dev/#projects?utm_source=hashnode&utm_medium=blog_post&utm_campaign=backlink_task5
Hashnode Portfolio,https://sanjaycheekati.dev,hashnode,blog_post,backlink_task5,https://sanjaycheekati.dev?utm_source=hashnode&utm_medium=blog_post&utm_campaign=backlink_task5
Dev.to PureText,https://sanjaycheekati.dev/#projects,devto,blog_post,backlink_task5,https://sanjaycheekati.dev/#projects?utm_source=devto&utm_medium=blog_post&utm_campaign=backlink_task5
Dev.to BERT,https://sanjaycheekati.dev/#projects,devto,blog_post,backlink_task5,https://sanjaycheekati.dev/#projects?utm_source=devto&utm_medium=blog_post&utm_campaign=backlink_task5
Dev.to Portfolio,https://sanjaycheekati.dev,devto,blog_post,backlink_task5,https://sanjaycheekati.dev?utm_source=devto&utm_medium=blog_post&utm_campaign=backlink_task5
Reddit r/webdev,https://sanjaycheekati.dev,reddit,social,backlink_task5,https://sanjaycheekati.dev?utm_source=reddit&utm_medium=social&utm_campaign=backlink_task5
Reddit r/reactjs,https://sanjaycheekati.dev,reddit,social,backlink_task5,https://sanjaycheekati.dev?utm_source=reddit&utm_medium=social&utm_campaign=backlink_task5
Hacker News,https://sanjaycheekati.dev,hackernews,social,backlink_task5,https://sanjaycheekati.dev?utm_source=hackernews&utm_medium=social&utm_campaign=backlink_task5
Product Hunt,https://sanjaycheekati.dev/#projects,producthunt,listing,backlink_task5,https://sanjaycheekati.dev/#projects?utm_source=producthunt&utm_medium=listing&utm_campaign=backlink_task5
freeCodeCamp Showcase,https://sanjaycheekati.dev,freecodecamp,showcase,backlink_task5,https://sanjaycheekati.dev?utm_source=freecodecamp&utm_medium=showcase&utm_campaign=backlink_task5
Awesome React,https://sanjaycheekati.dev,github,awesome_list,backlink_task5,https://sanjaycheekati.dev?utm_source=github&utm_medium=awesome_list&utm_campaign=backlink_task5
Awesome Chrome Extensions,https://sanjaycheekati.dev/#projects,github,awesome_list,backlink_task5,https://sanjaycheekati.dev/#projects?utm_source=github&utm_medium=awesome_list&utm_campaign=backlink_task5
Awesome Portfolios,https://sanjaycheekati.dev,github,awesome_list,backlink_task5,https://sanjaycheekati.dev?utm_source=github&utm_medium=awesome_list&utm_campaign=backlink_task5
Awesome NLP,https://sanjaycheekati.dev/#projects,github,awesome_list,backlink_task5,https://sanjaycheekati.dev/#projects?utm_source=github&utm_medium=awesome_list&utm_campaign=backlink_task5
